"","yearID","teamID","name","AB","H","2B","3B","HR","R","SB","BA","OBP","OPS","SLG","wOBA"
"1",2001,"ANA","Anaheim Angels",5551,1447,275,26,158,691,116,0.2607,0.3268,0.7318,0.405,0.319978137651822
"2",2001,"BAL","Baltimore Orioles",5472,1359,262,24,136,687,133,0.2484,0.319,0.6986,0.3796,0.307892015706806
"3",2001,"BOS","Boston Red Sox",5605,1493,316,29,198,772,46,0.2664,0.334,0.7731,0.4391,0.335185535599743
"4",2001,"CHA","Chicago White Sox",5464,1463,300,29,214,798,123,0.2678,0.3343,0.7851,0.4508,0.338796287169377
"5",2001,"CLE","Cleveland Indians",5600,1559,294,37,212,897,79,0.2784,0.3496,0.8072,0.4577,0.348932466708941
"6",2001,"DET","Detroit Tigers",5537,1439,291,60,139,724,133,0.2599,0.3205,0.7299,0.4094,0.317514337211208
"7",2001,"KCA","Kansas City Royals",5643,1503,277,37,152,729,100,0.2663,0.3181,0.7274,0.4094,0.316115635179153
"8",2001,"MIN","Minnesota Twins",5560,1514,328,38,164,771,146,0.2723,0.3367,0.7701,0.4335,0.33456910833198
"9",2001,"NYA","New York Yankees",5577,1488,289,20,203,804,161,0.2668,0.3339,0.7689,0.435,0.333790746413026
"10",2001,"OAK","Oakland Athletics",5573,1469,334,22,199,884,68,0.2636,0.3454,0.784,0.4385,0.341095911949686
"11",2001,"SEA","Seattle Mariners",5680,1637,310,38,169,927,174,0.2882,0.3599,0.8054,0.4454,0.350208216619981
"12",2001,"TBA","Tampa Bay Devil Rays",5524,1426,311,21,121,672,115,0.2581,0.3195,0.7073,0.3878,0.31069846509325
"13",2001,"TEX","Texas Rangers",5685,1566,326,23,246,890,97,0.2755,0.344,0.8147,0.4707,0.350528209963854
"14",2001,"TOR","Toronto Blue Jays",5663,1489,287,36,195,767,156,0.2629,0.3253,0.7549,0.4296,0.32728624
"15",2001,"ARI","Arizona Diamondbacks",5595,1494,284,35,208,818,71,0.267,0.3407,0.7825,0.4418,0.339821035856574
"16",2001,"ATL","Atlanta Braves",5498,1432,263,24,174,729,85,0.2605,0.3236,0.7356,0.412,0.320353482260184
"17",2001,"CHN","Chicago Cubs",5406,1409,268,32,194,777,67,0.2606,0.3363,0.766,0.4297,0.33325254015077
"18",2001,"CIN","Cincinnati Reds",5583,1464,304,22,176,735,103,0.2622,0.3244,0.7435,0.4191,0.323449155295647
"19",2001,"COL","Colorado Rockies",5690,1663,324,61,213,923,132,0.2923,0.3541,0.837,0.483,0.359459283903676
"20",2001,"FLO","Florida Marlins",5542,1461,325,30,166,742,89,0.2636,0.3263,0.7492,0.423,0.325483834095362
"21",2001,"HOU","Houston Astros",5528,1500,313,29,208,847,64,0.2713,0.347,0.7983,0.4513,0.345887751838823
"22",2001,"LAN","Los Angeles Dodgers",5493,1399,264,27,206,758,89,0.2547,0.323,0.7481,0.4251,0.324742310209424
"23",2001,"MIL","Milwaukee Brewers",5488,1378,273,30,209,740,66,0.2511,0.3186,0.7446,0.426,0.322966299523262
"24",2001,"MON","Montreal Expos",5379,1361,320,28,131,670,101,0.253,0.3185,0.7145,0.396,0.312582354914458
"25",2001,"NYN","New York Mets",5459,1361,273,18,147,642,66,0.2493,0.3229,0.7096,0.3867,0.312671035386632
"26",2001,"PHI","Philadelphia Phillies",5497,1431,295,29,164,746,153,0.2603,0.3292,0.7432,0.414,0.323889954486346
"27",2001,"PIT","Pittsburgh Pirates",5398,1333,256,25,161,657,93,0.2469,0.3129,0.706,0.3931,0.309079101726161
"28",2001,"SDN","San Diego Padres",5482,1379,273,26,161,789,129,0.2516,0.3357,0.7347,0.3989,0.323455272843655
"29",2001,"SFN","San Francisco Giants",5612,1493,304,40,235,799,57,0.266,0.3419,0.802,0.4601,0.345867528780949
"30",2001,"SLN","St. Louis Cardinals",5450,1469,274,32,199,814,91,0.2695,0.3385,0.7796,0.4411,0.338005743354119
"31",2002,"ANA","Anaheim Angels",5678,1603,333,32,152,851,117,0.2823,0.3407,0.7733,0.4325,0.338337209302326
"32",2002,"BAL","Baltimore Orioles",5491,1353,311,27,165,667,110,0.2464,0.3086,0.7116,0.403,0.312075957727873
"33",2002,"BOS","Boston Red Sox",5640,1560,348,33,177,859,80,0.2766,0.345,0.7892,0.4441,0.345015372424723
"34",2002,"CHA","Chicago White Sox",5502,1475,289,29,217,856,75,0.2681,0.3376,0.787,0.4495,0.342968826108134
"35",2002,"CLE","Cleveland Indians",5423,1349,255,26,192,739,52,0.2488,0.3213,0.7329,0.4116,0.322328217821782
"36",2002,"DET","Detroit Tigers",5406,1340,265,37,124,575,65,0.2479,0.3,0.6794,0.3794,0.298742444821732
"37",2002,"KCA","Kansas City Royals",5535,1415,285,42,140,737,140,0.2556,0.3231,0.7213,0.3982,0.318044628367413
"38",2002,"MIN","Minnesota Twins",5582,1518,348,36,167,768,79,0.2719,0.332,0.769,0.4369,0.335477280103862
"39",2002,"NYA","New York Yankees",5601,1540,314,12,223,897,100,0.275,0.3544,0.8092,0.4547,0.354294774944917
"40",2002,"OAK","Oakland Athletics",5558,1450,279,28,205,800,46,0.2609,0.3392,0.771,0.4318,0.338727156753309
"41",2002,"SEA","Seattle Mariners",5569,1531,285,31,152,814,137,0.2749,0.3498,0.7689,0.4191,0.338934662236988
"42",2002,"TBA","Tampa Bay Devil Rays",5604,1418,297,35,133,673,102,0.253,0.3139,0.7037,0.3897,0.310469288267793
"43",2002,"TEX","Texas Rangers",5618,1510,304,27,230,843,62,0.2688,0.3383,0.7936,0.4553,0.345505728835137
"44",2002,"TOR","Toronto Blue Jays",5581,1457,305,38,187,813,71,0.2611,0.3271,0.7569,0.4299,0.330620473201352
"45",2002,"ARI","Arizona Diamondbacks",5508,1471,283,41,165,819,92,0.2671,0.346,0.7692,0.4232,0.338800447713463
"46",2002,"ATL","Atlanta Braves",5495,1428,280,25,164,708,76,0.2599,0.3314,0.7408,0.4095,0.326566601689409
"47",2002,"CHN","Chicago Cubs",5496,1351,259,29,200,706,63,0.2458,0.3212,0.7339,0.4127,0.322696138870863
"48",2002,"CIN","Cincinnati Reds",5470,1386,297,21,169,709,116,0.2534,0.3304,0.7385,0.408,0.326084754018509
"49",2002,"COL","Colorado Rockies",5512,1508,283,41,152,778,103,0.2736,0.337,0.7596,0.4225,0.333411447260834
"50",2002,"FLO","Florida Marlins",5496,1433,280,32,146,699,177,0.2607,0.3369,0.7399,0.403,0.327447992259313
"51",2002,"HOU","Houston Astros",5503,1441,291,32,167,749,71,0.2619,0.3376,0.755,0.4174,0.332845669036845
"52",2002,"LAN","Los Angeles Dodgers",5554,1464,286,29,155,713,96,0.2636,0.32,0.7292,0.4093,0.319950320776443
"53",2002,"MIL","Milwaukee Brewers",5415,1369,269,29,139,627,94,0.2528,0.3205,0.7107,0.3902,0.314483844103931
"54",2002,"MON","Montreal Expos",5479,1432,300,36,162,735,118,0.2614,0.3343,0.7522,0.418,0.330933246499512
"55",2002,"NYN","New York Mets",5496,1409,238,22,160,690,87,0.2564,0.3223,0.7173,0.395,0.317282469135802
"56",2002,"PHI","Philadelphia Phillies",5523,1428,325,41,165,710,104,0.2586,0.3391,0.761,0.4219,0.335066506794564
"57",2002,"PIT","Pittsburgh Pirates",5330,1300,263,20,142,641,86,0.2439,0.3193,0.7,0.3807,0.311133589700719
"58",2002,"SDN","San Diego Padres",5515,1393,243,29,136,662,71,0.2526,0.3212,0.7024,0.3811,0.311667536279146
"59",2002,"SFN","San Francisco Giants",5497,1465,300,35,198,783,74,0.2665,0.3445,0.7863,0.4419,0.344271428571429
"60",2002,"SLN","St. Louis Cardinals",5505,1475,285,26,175,787,86,0.2679,0.3381,0.7627,0.4245,0.335142463086159
"61",2003,"ANA","Anaheim Angels",5487,1473,276,33,150,736,129,0.2685,0.3304,0.7432,0.4128,0.325810841983852
"62",2003,"BAL","Baltimore Orioles",5665,1516,277,24,152,743,89,0.2676,0.3233,0.7287,0.4055,0.319687237479806
"63",2003,"BOS","Boston Red Sox",5769,1667,371,40,238,961,88,0.289,0.3597,0.8506,0.4909,0.366742237934215
"64",2003,"CHA","Chicago White Sox",5487,1445,303,19,220,791,77,0.2633,0.3312,0.777,0.4458,0.3377542997543
"65",2003,"CLE","Cleveland Indians",5572,1413,296,26,158,699,86,0.2536,0.3161,0.7172,0.4011,0.314689301416707
"66",2003,"DET","Detroit Tigers",5466,1312,201,39,153,591,98,0.24,0.3001,0.6751,0.375,0.297175020815987
"67",2003,"KCA","Kansas City Royals",5568,1526,288,39,162,836,120,0.2741,0.3363,0.7634,0.4271,0.33358856865285
"68",2003,"MIN","Minnesota Twins",5655,1567,318,45,155,801,94,0.2771,0.341,0.7725,0.4315,0.337539159503343
"69",2003,"NYA","New York Yankees",5605,1518,304,14,230,877,98,0.2708,0.3564,0.8096,0.4532,0.354175487900078
"70",2003,"OAK","Oakland Athletics",5497,1398,317,24,176,768,48,0.2543,0.3265,0.7433,0.4168,0.325481265206813
"71",2003,"SEA","Seattle Mariners",5561,1509,290,33,139,795,108,0.2714,0.3439,0.7543,0.4104,0.332642811399296
"72",2003,"TBA","Tampa Bay Devil Rays",5654,1501,298,38,137,715,142,0.2655,0.3199,0.7242,0.4043,0.317090938511327
"73",2003,"TEX","Texas Rangers",5664,1506,274,36,239,826,65,0.2659,0.33,0.7836,0.4536,0.339644759929813
"74",2003,"TOR","Toronto Blue Jays",5661,1580,357,33,190,894,37,0.2791,0.3488,0.8033,0.4545,0.349517550763419
"75",2003,"ARI","Arizona Diamondbacks",5570,1467,303,47,152,717,76,0.2634,0.3296,0.7461,0.4165,0.326581477896096
"76",2003,"ATL","Atlanta Braves",5670,1608,321,31,235,907,68,0.2836,0.3488,0.8243,0.4755,0.356440044352923
"77",2003,"CHN","Chicago Cubs",5519,1431,302,24,172,724,73,0.2593,0.3231,0.7393,0.4162,0.323298018667103
"78",2003,"CIN","Cincinnati Reds",5509,1349,239,21,182,694,80,0.2449,0.3177,0.7127,0.395,0.314412109375
"79",2003,"COL","Colorado Rockies",5518,1472,330,31,198,853,63,0.2668,0.3441,0.7896,0.4455,0.344575397462663
"80",2003,"FLO","Florida Marlins",5490,1459,292,44,157,751,150,0.2658,0.3328,0.7536,0.4208,0.330021956414878
"81",2003,"HOU","Houston Astros",5583,1466,308,30,191,805,66,0.2626,0.3362,0.7673,0.4311,0.33576881290941
"82",2003,"LAN","Los Angeles Dodgers",5458,1328,260,25,124,574,80,0.2433,0.3029,0.6712,0.3683,0.296932606873428
"83",2003,"MIL","Milwaukee Brewers",5548,1423,266,24,196,714,99,0.2565,0.3289,0.7479,0.4191,0.32795149854979
"84",2003,"MON","Montreal Expos",5437,1404,294,25,144,711,100,0.2582,0.3261,0.7271,0.401,0.320084215751158
"85",2003,"NYN","New York Mets",5341,1317,262,24,124,642,70,0.2466,0.3137,0.688,0.3743,0.304618148085681
"86",2003,"PHI","Philadelphia Phillies",5543,1448,325,27,166,791,72,0.2612,0.3426,0.7621,0.4194,0.335467631620805
"87",2003,"PIT","Pittsburgh Pirates",5581,1492,275,45,163,753,86,0.2673,0.3381,0.7584,0.4204,0.333077786688051
"88",2003,"SDN","San Diego Padres",5531,1442,257,32,128,678,76,0.2607,0.3332,0.7213,0.3882,0.319840839386602
"89",2003,"SFN","San Francisco Giants",5456,1440,281,29,180,755,53,0.2639,0.3383,0.7633,0.425,0.334710345953003
"90",2003,"SLN","St. Louis Cardinals",5672,1580,342,32,196,876,82,0.2786,0.3501,0.8039,0.4538,0.349989026493181
"91",2004,"ANA","Anaheim Angels",5675,1603,272,37,162,836,143,0.2825,0.3408,0.7698,0.4291,0.336091681359192
"92",2004,"BAL","Baltimore Orioles",5736,1614,319,18,169,842,101,0.2814,0.3445,0.7762,0.4317,0.338637317875607
"93",2004,"BOS","Boston Red Sox",5720,1613,373,25,222,949,68,0.282,0.36,0.8324,0.4724,0.360425803475319
"94",2004,"CHA","Chicago White Sox",5534,1481,284,19,242,865,78,0.2676,0.3328,0.7898,0.457,0.341339687194526
"95",2004,"CLE","Cleveland Indians",5676,1565,345,29,184,858,94,0.2757,0.3513,0.7953,0.444,0.347006716651047
"96",2004,"DET","Detroit Tigers",5623,1531,284,54,201,827,86,0.2723,0.3367,0.7859,0.4492,0.340429419313442
"97",2004,"KCA","Kansas City Royals",5538,1432,261,29,150,720,67,0.2586,0.3221,0.7195,0.3974,0.31609357107803
"98",2004,"MIN","Minnesota Twins",5623,1494,310,24,191,780,116,0.2657,0.3319,0.7632,0.4313,0.332399679487179
"99",2004,"NYA","New York Yankees",5527,1483,281,20,242,897,84,0.2683,0.3529,0.8107,0.4578,0.352451398767188
"100",2004,"OAK","Oakland Athletics",5728,1545,336,15,189,793,47,0.2697,0.3432,0.7758,0.4326,0.338989275722723
"101",2004,"SEA","Seattle Mariners",5722,1544,276,20,136,698,110,0.2698,0.3309,0.7273,0.3964,0.320078214059531
"102",2004,"TBA","Tampa Bay Devil Rays",5483,1416,278,46,145,714,132,0.2583,0.32,0.725,0.4051,0.31671004453241
"103",2004,"TEX","Texas Rangers",5615,1492,323,34,227,860,69,0.2657,0.3294,0.786,0.4566,0.338789026151131
"104",2004,"TOR","Toronto Blue Jays",5531,1438,290,34,145,719,58,0.26,0.3284,0.7318,0.4034,0.321400844567159
"105",2004,"ARI","Arizona Diamondbacks",5544,1401,295,38,135,615,53,0.2527,0.3099,0.7026,0.3927,0.307418028727093
"106",2004,"ATL","Atlanta Braves",5570,1503,304,37,178,803,86,0.2698,0.3431,0.7766,0.4336,0.338958014048531
"107",2004,"CHN","Chicago Cubs",5628,1508,308,29,235,789,66,0.2679,0.3281,0.7863,0.4582,0.338747863936805
"108",2004,"CIN","Cincinnati Reds",5518,1380,287,28,194,750,77,0.2501,0.331,0.7488,0.4177,0.328438695163105
"109",2004,"COL","Colorado Rockies",5577,1531,331,34,202,833,44,0.2745,0.3453,0.8,0.4547,0.347146568313021
"110",2004,"FLO","Florida Marlins",5486,1447,275,32,148,718,96,0.2638,0.3294,0.7359,0.4065,0.32287012987013
"111",2004,"HOU","Houston Astros",5468,1458,294,36,187,803,89,0.2666,0.3418,0.7779,0.4362,0.339070166909739
"112",2004,"LAN","Los Angeles Dodgers",5542,1450,226,30,203,761,102,0.2616,0.3317,0.7548,0.4231,0.329914008097166
"113",2004,"MIL","Milwaukee Brewers",5483,1358,295,32,135,634,138,0.2477,0.3207,0.7077,0.387,0.312190017941608
"114",2004,"MON","Montreal Expos",5474,1361,276,27,151,635,109,0.2486,0.3133,0.705,0.3917,0.309485756873137
"115",2004,"NYN","New York Mets",5532,1376,289,20,185,684,107,0.2487,0.3175,0.726,0.4085,0.317568333604822
"116",2004,"PHI","Philadelphia Phillies",5643,1505,303,23,215,840,100,0.2667,0.3454,0.7883,0.4428,0.343546151439299
"117",2004,"PIT","Pittsburgh Pirates",5483,1428,267,39,142,680,63,0.2604,0.3211,0.7222,0.4011,0.316538690969346
"118",2004,"SDN","San Diego Padres",5573,1521,304,32,139,768,52,0.2729,0.3423,0.7561,0.4138,0.331608848426769
"119",2004,"SFN","San Francisco Giants",5546,1500,314,33,183,850,43,0.2705,0.3572,0.7952,0.438,0.348271572011296
"120",2004,"SLN","St. Louis Cardinals",5555,1544,319,24,214,855,111,0.2779,0.3443,0.8039,0.4596,0.347391227506427
"121",2005,"BAL","Baltimore Orioles",5551,1492,296,27,189,729,83,0.2688,0.327,0.761,0.434,0.331544798162127
"122",2005,"BOS","Boston Red Sox",5626,1579,339,21,199,910,45,0.2807,0.3567,0.8112,0.4545,0.353773516982313
"123",2005,"CHA","Chicago White Sox",5529,1450,253,23,200,741,137,0.2623,0.3224,0.7472,0.4249,0.326169074195666
"124",2005,"CLE","Cleveland Indians",5609,1522,337,30,207,790,62,0.2713,0.3345,0.7873,0.4528,0.341649613899614
"125",2005,"DET","Detroit Tigers",5602,1521,283,45,168,723,66,0.2715,0.3215,0.7495,0.4281,0.325928911508783
"126",2005,"KCA","Kansas City Royals",5503,1445,289,34,126,701,53,0.2626,0.3199,0.716,0.3961,0.314621357615894
"127",2005,"LAA","Los Angeles Angels of Anaheim",5624,1520,278,30,147,761,161,0.2703,0.3251,0.7339,0.4088,0.321753217136341
"128",2005,"MIN","Minnesota Twins",5564,1441,269,32,134,688,102,0.259,0.3228,0.7138,0.3911,0.314976260162602
"129",2005,"NYA","New York Yankees",5624,1552,259,16,229,886,84,0.276,0.3547,0.8046,0.4499,0.352116826093775
"130",2005,"OAK","Oakland Athletics",5627,1476,310,20,155,772,31,0.2623,0.3301,0.7372,0.4071,0.324477621483376
"131",2005,"SEA","Seattle Mariners",5507,1408,289,34,130,699,102,0.2557,0.3173,0.7086,0.3913,0.31205381313965
"132",2005,"TBA","Tampa Bay Devil Rays",5552,1519,289,40,157,750,151,0.2736,0.3287,0.7536,0.4249,0.328928336620644
"133",2005,"TEX","Texas Rangers",5716,1528,311,29,260,865,67,0.2673,0.3292,0.7975,0.4683,0.34472150691464
"134",2005,"TOR","Toronto Blue Jays",5581,1480,307,39,136,775,72,0.2652,0.3308,0.7381,0.4073,0.324425788795879
"135",2005,"ARI","Arizona Diamondbacks",5550,1419,291,27,191,696,67,0.2557,0.3325,0.7536,0.4211,0.330629475703325
"136",2005,"ATL","Atlanta Braves",5486,1453,308,37,184,769,92,0.2649,0.3325,0.7676,0.4351,0.334785959744723
"137",2005,"CHN","Chicago Cubs",5584,1506,323,23,194,703,65,0.2697,0.3243,0.7643,0.44,0.332173234811166
"138",2005,"CIN","Cincinnati Reds",5565,1453,335,15,222,820,72,0.2611,0.3387,0.7851,0.4464,0.342509638362275
"139",2005,"COL","Colorado Rockies",5542,1477,280,34,150,740,65,0.2665,0.3334,0.7439,0.4105,0.327381850707432
"140",2005,"FLO","Florida Marlins",5502,1499,306,32,128,717,96,0.2724,0.3389,0.7484,0.4095,0.329505953351819
"141",2005,"HOU","Houston Astros",5462,1400,281,32,161,693,115,0.2563,0.3224,0.7303,0.4079,0.320637939574047
"142",2005,"LAN","Los Angeles Dodgers",5433,1374,284,21,149,685,58,0.2529,0.3263,0.7215,0.3952,0.318978103391505
"143",2005,"MIL","Milwaukee Brewers",5448,1413,327,19,175,726,79,0.2594,0.3312,0.7539,0.4227,0.330548932676519
"144",2005,"NYN","New York Mets",5505,1421,279,32,175,722,153,0.2581,0.3217,0.7375,0.4158,0.322818989633043
"145",2005,"PHI","Philadelphia Phillies",5542,1494,282,35,167,807,116,0.2696,0.3484,0.7719,0.4235,0.339694095177463
"146",2005,"PIT","Pittsburgh Pirates",5573,1445,292,38,139,680,73,0.2593,0.3225,0.7226,0.4001,0.317670721816707
"147",2005,"SDN","San Diego Padres",5502,1416,269,39,130,684,99,0.2574,0.3331,0.7244,0.3913,0.320806097757703
"148",2005,"SFN","San Francisco Giants",5462,1427,299,26,128,649,71,0.2613,0.3186,0.7144,0.3958,0.313952890076846
"149",2005,"SLN","St. Louis Cardinals",5538,1494,287,26,170,805,83,0.2698,0.3388,0.7619,0.4231,0.334556654238937
"150",2005,"WAS","Washington Nationals",5426,1367,311,32,117,639,45,0.2519,0.3218,0.7075,0.3857,0.312922987935878
"151",2006,"BAL","Baltimore Orioles",5610,1556,288,20,164,768,121,0.2774,0.3393,0.7628,0.4235,0.333297999354631
"152",2006,"BOS","Boston Red Sox",5619,1510,327,16,192,820,51,0.2687,0.3505,0.7857,0.4351,0.343228910026509
"153",2006,"CHA","Chicago White Sox",5657,1586,291,20,236,868,93,0.2804,0.342,0.8061,0.464,0.347475773031559
"154",2006,"CLE","Cleveland Indians",5619,1576,351,27,196,870,55,0.2805,0.3485,0.8057,0.4572,0.349007653061224
"155",2006,"DET","Detroit Tigers",5642,1548,294,40,203,822,60,0.2744,0.3288,0.7774,0.4486,0.335517471152283
"156",2006,"KCA","Kansas City Royals",5589,1515,335,37,124,757,65,0.2711,0.3325,0.7433,0.4108,0.325067854251012
"157",2006,"LAA","Los Angeles Angels of Anaheim",5609,1539,309,29,159,766,148,0.2744,0.3339,0.7588,0.4249,0.330254281098546
"158",2006,"MIN","Minnesota Twins",5602,1608,275,34,143,801,101,0.287,0.3466,0.7715,0.4248,0.337023237050186
"159",2006,"NYA","New York Yankees",5651,1608,327,21,210,930,139,0.2846,0.3627,0.8241,0.4613,0.358084410527955
"160",2006,"OAK","Oakland Athletics",5500,1429,266,22,175,771,61,0.2598,0.3403,0.7519,0.4116,0.330226982097187
"161",2006,"SEA","Seattle Mariners",5670,1540,266,42,172,756,106,0.2716,0.325,0.7494,0.4243,0.325538947368421
"162",2006,"TBA","Tampa Bay Devil Rays",5474,1395,267,33,190,689,134,0.2548,0.3136,0.7334,0.4198,0.317959200666112
"163",2006,"TEX","Texas Rangers",5659,1571,357,23,183,835,53,0.2776,0.3383,0.7842,0.4458,0.339542372881356
"164",2006,"TOR","Toronto Blue Jays",5596,1591,348,27,199,809,65,0.2843,0.3483,0.8111,0.4628,0.350427309236948
"165",2006,"ARI","Arizona Diamondbacks",5645,1506,331,38,160,773,76,0.2668,0.3313,0.7552,0.4239,0.328741107034615
"166",2006,"ATL","Atlanta Braves",5583,1510,312,26,222,849,52,0.2705,0.3365,0.7915,0.455,0.341860757453666
"167",2006,"CHN","Chicago Cubs",5587,1496,271,46,166,716,121,0.2678,0.319,0.7409,0.4219,0.321325305179809
"168",2006,"CIN","Cincinnati Reds",5515,1419,291,12,217,749,124,0.2573,0.336,0.7685,0.4325,0.334983938323161
"169",2006,"COL","Colorado Rockies",5562,1504,325,54,157,813,85,0.2704,0.3412,0.7741,0.4329,0.337126043673732
"170",2006,"FLO","Florida Marlins",5502,1454,309,42,182,758,110,0.2643,0.3312,0.7661,0.4349,0.332544071954211
"171",2006,"HOU","Houston Astros",5521,1407,275,27,174,735,79,0.2548,0.3317,0.7407,0.409,0.324926104417671
"172",2006,"LAN","Los Angeles Dodgers",5628,1552,307,58,153,820,128,0.2758,0.3483,0.7808,0.4325,0.340717130214918
"173",2006,"MIL","Milwaukee Brewers",5433,1400,301,20,180,730,71,0.2577,0.3269,0.7467,0.4198,0.325410378912685
"174",2006,"NYN","New York Mets",5558,1469,323,41,200,834,146,0.2643,0.3344,0.7795,0.4451,0.337479884132604
"175",2006,"PHI","Philadelphia Phillies",5687,1518,294,41,216,865,92,0.2669,0.347,0.794,0.447,0.345329200247985
"176",2006,"PIT","Pittsburgh Pirates",5558,1462,286,17,141,691,68,0.263,0.3266,0.7233,0.3967,0.317749796913079
"177",2006,"SDN","San Diego Padres",5576,1465,298,38,161,731,123,0.2627,0.3323,0.7487,0.4164,0.327038060061025
"178",2006,"SFN","San Francisco Giants",5472,1418,297,52,163,746,58,0.2591,0.3245,0.7463,0.4218,0.324604359313078
"179",2006,"SLN","St. Louis Cardinals",5522,1484,292,27,184,781,59,0.2687,0.3373,0.7687,0.4314,0.334885602859929
"180",2006,"WAS","Washington Nationals",5495,1437,322,22,164,746,123,0.2615,0.3383,0.756,0.4177,0.331102142742065
"181",2007,"BAL","Baltimore Orioles",5631,1529,306,30,142,756,144,0.2715,0.3335,0.7457,0.4122,0.328762891566265
"182",2007,"BOS","Boston Red Sox",5589,1561,352,35,166,867,96,0.2793,0.3618,0.8057,0.4439,0.354672607879925
"183",2007,"CHA","Chicago White Sox",5441,1341,249,20,190,693,78,0.2465,0.3177,0.722,0.4043,0.318541749174917
"184",2007,"CLE","Cleveland Indians",5604,1504,305,27,178,811,72,0.2684,0.3433,0.771,0.4277,0.33947670930049
"185",2007,"DET","Detroit Tigers",5757,1652,352,50,177,887,103,0.287,0.3446,0.8023,0.4577,0.349581017056222
"186",2007,"KCA","Kansas City Royals",5534,1447,300,46,102,706,78,0.2615,0.3221,0.7097,0.3876,0.314465234503116
"187",2007,"LAA","Los Angeles Angels of Anaheim",5554,1578,324,23,123,822,139,0.2841,0.3446,0.7618,0.4172,0.335867499189101
"188",2007,"MIN","Minnesota Twins",5522,1460,273,36,118,718,112,0.2644,0.3297,0.7207,0.391,0.319866002937816
"189",2007,"NYA","New York Yankees",5717,1656,326,32,201,968,123,0.2897,0.3656,0.8289,0.4634,0.362980881899476
"190",2007,"OAK","Oakland Athletics",5577,1430,295,16,171,741,52,0.2564,0.3377,0.7447,0.407,0.330048061771195
"191",2007,"SEA","Seattle Mariners",5684,1629,284,22,153,794,81,0.2866,0.3368,0.7619,0.4251,0.334767611336032
"192",2007,"TBA","Tampa Bay Devil Rays",5593,1500,291,36,187,782,131,0.2682,0.3361,0.7695,0.4334,0.337235303539965
"193",2007,"TEX","Texas Rangers",5555,1460,298,36,179,816,88,0.2628,0.328,0.7541,0.4261,0.330662118258609
"194",2007,"TOR","Toronto Blue Jays",5536,1434,344,24,165,753,57,0.259,0.3267,0.746,0.4193,0.327669208306295
"195",2007,"ARI","Arizona Diamondbacks",5398,1350,286,40,171,712,109,0.2501,0.3208,0.7337,0.4129,0.322243837882548
"196",2007,"ATL","Atlanta Braves",5689,1562,328,27,176,810,64,0.2746,0.3395,0.774,0.4345,0.339467004272828
"197",2007,"CHN","Chicago Cubs",5643,1530,340,28,151,752,86,0.2711,0.3328,0.7544,0.4216,0.331666398713826
"198",2007,"CIN","Cincinnati Reds",5607,1496,293,23,204,783,97,0.2668,0.3354,0.7718,0.4364,0.33823309352518
"199",2007,"COL","Colorado Rockies",5691,1591,313,36,171,860,100,0.2796,0.354,0.7914,0.4374,0.348488542478566
"200",2007,"FLO","Florida Marlins",5627,1504,340,38,201,790,105,0.2673,0.3359,0.7843,0.4484,0.342420599489796
"201",2007,"HOU","Houston Astros",5605,1457,293,30,167,723,65,0.2599,0.3296,0.7419,0.4123,0.327247638866656
"202",2007,"LAN","Los Angeles Dodgers",5613,1544,276,35,129,735,137,0.2751,0.337,0.7426,0.4057,0.328249196141479
"203",2007,"MIL","Milwaukee Brewers",5554,1455,310,37,231,801,96,0.262,0.3289,0.7848,0.4559,0.341015377144707
"204",2007,"NYN","New York Mets",5605,1543,294,27,177,804,200,0.2753,0.3425,0.7746,0.4321,0.3401536865624
"205",2007,"PHI","Philadelphia Phillies",5688,1558,326,41,213,892,138,0.2739,0.3537,0.8117,0.458,0.355056250965848
"206",2007,"PIT","Pittsburgh Pirates",5569,1463,322,31,148,724,68,0.2627,0.3245,0.7359,0.4114,0.32367549561261
"207",2007,"SDN","San Diego Padres",5612,1408,322,31,171,741,55,0.2509,0.3216,0.7323,0.4107,0.322344298946024
"208",2007,"SFN","San Francisco Giants",5538,1407,267,37,131,683,119,0.2541,0.3219,0.7085,0.3866,0.314525305126119
"209",2007,"SLN","St. Louis Cardinals",5529,1513,279,13,141,725,56,0.2736,0.3375,0.7428,0.4053,0.328728797004721
"210",2007,"WAS","Washington Nationals",5520,1415,309,31,123,673,69,0.2563,0.3245,0.7149,0.3904,0.317156728576083
"211",2008,"BAL","Baltimore Orioles",5559,1486,322,30,172,782,81,0.2673,0.3334,0.7622,0.4289,0.335084115173083
"212",2008,"BOS","Boston Red Sox",5596,1565,353,33,173,845,120,0.2797,0.3579,0.8051,0.4473,0.354161280200816
"213",2008,"CHA","Chicago White Sox",5553,1458,296,13,235,811,67,0.2626,0.3323,0.7798,0.4475,0.34124713848138
"214",2008,"CLE","Cleveland Indians",5543,1455,339,22,171,805,77,0.2625,0.3386,0.7627,0.4241,0.336918305355715
"215",2008,"DET","Detroit Tigers",5641,1529,293,41,200,821,63,0.2711,0.3404,0.7843,0.4439,0.344035232502777
"216",2008,"KCA","Kansas City Royals",5608,1507,303,28,120,691,79,0.2687,0.3202,0.7172,0.3969,0.317031712126191
"217",2008,"LAA","Los Angeles Angels of Anaheim",5540,1486,274,25,159,765,129,0.2682,0.3297,0.7426,0.4128,0.327702270129022
"218",2008,"MIN","Minnesota Twins",5641,1572,298,49,111,829,102,0.2787,0.3404,0.7483,0.4079,0.330820165657853
"219",2008,"NYA","New York Yankees",5572,1512,289,20,180,789,118,0.2714,0.3416,0.7689,0.4273,0.339611146803726
"220",2008,"OAK","Oakland Athletics",5451,1318,270,23,125,646,88,0.2418,0.3176,0.6862,0.3686,0.307415684348396
"221",2008,"SEA","Seattle Mariners",5643,1498,285,20,124,671,90,0.2655,0.3181,0.7071,0.389,0.313138925081433
"222",2008,"TBA","Tampa Bay Rays",5541,1443,284,37,180,774,142,0.2604,0.3399,0.7624,0.4225,0.336899475107364
"223",2008,"TEX","Texas Rangers",5728,1619,376,35,194,901,81,0.2826,0.3536,0.8157,0.4621,0.356823913043478
"224",2008,"TOR","Toronto Blue Jays",5503,1453,303,32,126,714,80,0.264,0.3312,0.7306,0.3994,0.323926698159309
"225",2008,"ARI","Arizona Diamondbacks",5409,1355,318,47,159,720,58,0.2505,0.327,0.7419,0.4149,0.327389947437582
"226",2008,"ATL","Atlanta Braves",5604,1514,316,33,130,753,58,0.2702,0.3452,0.7531,0.4079,0.334912194347412
"227",2008,"CHN","Chicago Cubs",5588,1552,329,21,184,855,87,0.2777,0.3542,0.7971,0.4429,0.351213799651844
"228",2008,"CIN","Cincinnati Reds",5465,1351,269,24,187,704,85,0.2472,0.3206,0.7285,0.4079,0.32195765206017
"229",2008,"COL","Colorado Rockies",5557,1462,310,28,160,747,141,0.2631,0.3357,0.7511,0.4153,0.332367888138862
"230",2008,"FLO","Florida Marlins",5499,1397,302,28,208,770,76,0.254,0.3263,0.7589,0.4326,0.333075361377294
"231",2008,"HOU","Houston Astros",5451,1432,284,22,167,712,114,0.2627,0.3225,0.7373,0.4148,0.324722509594527
"232",2008,"LAN","Los Angeles Dodgers",5506,1455,271,29,137,700,126,0.2643,0.333,0.7316,0.3987,0.325097716150082
"233",2008,"MIL","Milwaukee Brewers",5535,1398,324,35,198,750,108,0.2526,0.3255,0.7566,0.4311,0.332118767145393
"234",2008,"NYN","New York Mets",5606,1491,274,38,172,799,138,0.266,0.3404,0.7609,0.4204,0.336249801995882
"235",2008,"PHI","Philadelphia Phillies",5509,1407,291,36,214,799,136,0.2554,0.3322,0.77,0.4378,0.338112544340535
"236",2008,"PIT","Pittsburgh Pirates",5628,1454,314,21,153,735,57,0.2584,0.3199,0.723,0.4032,0.319229555698648
"237",2008,"SDN","San Diego Padres",5568,1390,264,27,154,637,36,0.2496,0.3171,0.7068,0.3897,0.313589652384802
"238",2008,"SFN","San Francisco Giants",5543,1452,311,37,94,640,108,0.262,0.3207,0.703,0.3823,0.312300312140628
"239",2008,"SLN","St. Louis Cardinals",5636,1585,283,26,174,779,73,0.2812,0.3499,0.7832,0.4333,0.345559771392284
"240",2008,"WAS","Washington Nationals",5491,1376,269,26,117,641,81,0.2506,0.3226,0.6956,0.373,0.311369125326371
"241",2009,"BAL","Baltimore Orioles",5618,1508,307,19,160,741,76,0.2684,0.3318,0.7471,0.4153,0.329413665594855
"242",2009,"BOS","Boston Red Sox",5543,1495,335,25,212,872,126,0.2697,0.3517,0.8056,0.4539,0.353237229163372
"243",2009,"CHA","Chicago White Sox",5463,1410,246,20,184,724,113,0.2581,0.329,0.7405,0.4115,0.32729288291243
"244",2009,"CLE","Cleveland Indians",5568,1468,314,28,161,773,84,0.2636,0.3393,0.7561,0.4168,0.334332271931221
"245",2009,"DET","Detroit Tigers",5540,1443,245,35,183,743,72,0.2605,0.3307,0.7472,0.4164,0.329729935275081
"246",2009,"KCA","Kansas City Royals",5532,1432,276,51,144,686,88,0.2589,0.3185,0.7238,0.4053,0.318902028698664
"247",2009,"LAA","Los Angeles Angels of Anaheim",5622,1604,293,33,173,883,148,0.2853,0.35,0.7915,0.4415,0.347620408815075
"248",2009,"MIN","Minnesota Twins",5608,1539,271,40,172,817,85,0.2744,0.3446,0.7736,0.429,0.340612231930103
"249",2009,"NYA","New York Yankees",5660,1604,325,21,244,915,111,0.2834,0.3618,0.8393,0.4776,0.366554862842893
"250",2009,"OAK","Oakland Athletics",5584,1464,307,21,135,759,133,0.2622,0.3284,0.7256,0.3972,0.321469026548673
"251",2009,"SEA","Seattle Mariners",5543,1430,280,19,160,640,89,0.258,0.3137,0.7156,0.4019,0.315146111936602
"252",2009,"TBA","Tampa Bay Rays",5462,1434,297,36,199,803,194,0.2625,0.3429,0.7823,0.4394,0.343749596644079
"253",2009,"TEX","Texas Rangers",5526,1436,296,27,224,784,149,0.2599,0.3196,0.7644,0.4448,0.332721491948735
"254",2009,"TOR","Toronto Blue Jays",5696,1516,339,13,209,798,73,0.2662,0.3328,0.7731,0.4403,0.33846639318397
"255",2009,"ARI","Arizona Diamondbacks",5565,1408,307,45,173,720,102,0.253,0.3244,0.742,0.4176,0.326482298036691
"256",2009,"ATL","Atlanta Braves",5539,1459,300,20,149,735,58,0.2634,0.3386,0.7441,0.4055,0.330210737179487
"257",2009,"CHN","Chicago Cubs",5486,1398,293,29,161,707,56,0.2548,0.3316,0.7385,0.4069,0.327110212008416
"258",2009,"CIN","Cincinnati Reds",5462,1349,280,25,158,673,96,0.247,0.3176,0.7117,0.3942,0.315253326761952
"259",2009,"COL","Colorado Rockies",5398,1408,300,50,190,804,106,0.2608,0.3431,0.7836,0.4405,0.343737064071371
"260",2009,"FLO","Florida Marlins",5572,1493,296,25,159,772,75,0.2679,0.3403,0.7559,0.4156,0.334554950336431
"261",2009,"HOU","Houston Astros",5436,1415,270,32,142,643,113,0.2603,0.3192,0.7193,0.4001,0.317333891493637
"262",2009,"LAN","Los Angeles Dodgers",5592,1511,278,39,145,780,116,0.2702,0.3459,0.7575,0.4117,0.336078179511576
"263",2009,"MIL","Milwaukee Brewers",5510,1447,281,37,182,785,68,0.2626,0.3411,0.7673,0.4261,0.338488457839051
"264",2009,"NYN","New York Mets",5453,1472,295,49,95,671,122,0.2699,0.3351,0.7294,0.3943,0.323543492586491
"265",2009,"PHI","Philadelphia Phillies",5578,1439,312,35,224,820,119,0.258,0.3341,0.781,0.4469,0.341673245265001
"266",2009,"PIT","Pittsburgh Pirates",5417,1364,289,34,125,636,90,0.2518,0.3183,0.7052,0.3869,0.312911303767923
"267",2009,"SDN","San Diego Padres",5425,1315,265,31,141,638,82,0.2424,0.3208,0.7014,0.3806,0.312888106159895
"268",2009,"SFN","San Francisco Giants",5493,1411,275,43,122,657,78,0.2569,0.3093,0.6986,0.3892,0.307838063439065
"269",2009,"SLN","St. Louis Cardinals",5465,1436,294,29,160,730,75,0.2628,0.3321,0.7471,0.415,0.329782680006561
"270",2009,"WAS","Washington Nationals",5493,1416,271,38,156,710,73,0.2578,0.3365,0.7427,0.4062,0.329473582474227
"271",2010,"BAL","Baltimore Orioles",5554,1440,264,21,133,613,76,0.2593,0.3156,0.7018,0.3862,0.31200691130492
"272",2010,"BOS","Boston Red Sox",5646,1511,358,22,211,818,68,0.2676,0.3391,0.79,0.4509,0.347220834650648
"273",2010,"CHA","Chicago White Sox",5484,1467,263,21,177,752,160,0.2675,0.3317,0.7517,0.4199,0.332908206987475
"274",2010,"CLE","Cleveland Indians",5487,1362,290,20,128,646,91,0.2482,0.3216,0.6999,0.3783,0.313517539565998
"275",2010,"DET","Detroit Tigers",5643,1515,308,32,152,751,69,0.2685,0.3352,0.7504,0.4152,0.332626853771328
"276",2010,"KCA","Kansas City Royals",5604,1534,279,31,121,676,115,0.2737,0.331,0.7304,0.3994,0.324171020606847
"277",2010,"LAA","Los Angeles Angels of Anaheim",5488,1363,276,19,155,681,104,0.2484,0.3113,0.7016,0.3903,0.311781730928347
"278",2010,"MIN","Minnesota Twins",5568,1521,318,41,142,781,68,0.2732,0.3407,0.7622,0.4215,0.33724376909471
"279",2010,"NYA","New York Yankees",5567,1485,275,32,201,859,103,0.2668,0.3498,0.7858,0.436,0.34810762685156
"280",2010,"OAK","Oakland Athletics",5448,1396,276,30,109,663,156,0.2562,0.3244,0.7023,0.3779,0.313919644327351
"281",2010,"SEA","Seattle Mariners",5409,1274,227,16,101,513,142,0.2355,0.298,0.6374,0.3394,0.286858416008071
"282",2010,"TBA","Tampa Bay Rays",5439,1343,295,37,160,802,172,0.2469,0.3329,0.7359,0.403,0.327728032128514
"283",2010,"TEX","Texas Rangers",5635,1556,268,25,162,787,123,0.2761,0.3382,0.757,0.4188,0.335111289031225
"284",2010,"TOR","Toronto Blue Jays",5495,1364,319,21,257,755,58,0.2482,0.3121,0.7664,0.4542,0.334979025598679
"285",2010,"ARI","Arizona Diamondbacks",5473,1366,301,34,180,713,86,0.2496,0.3246,0.7403,0.4157,0.327740801042006
"286",2010,"ATL","Atlanta Braves",5463,1411,312,25,139,738,63,0.2583,0.339,0.7399,0.4009,0.330428432799612
"287",2010,"CHN","Chicago Cubs",5512,1414,298,27,149,685,55,0.2565,0.3196,0.7211,0.4015,0.319835992761967
"288",2010,"CIN","Cincinnati Reds",5579,1515,293,30,188,790,93,0.2716,0.3385,0.7744,0.4359,0.341560379482232
"289",2010,"COL","Colorado Rockies",5530,1452,270,54,173,770,99,0.2626,0.3356,0.7604,0.4248,0.336189724593332
"290",2010,"FLO","Florida Marlins",5531,1403,294,37,152,719,92,0.2537,0.321,0.7237,0.4026,0.320982256226599
"291",2010,"HOU","Houston Astros",5452,1348,252,25,108,611,100,0.2472,0.3029,0.665,0.3621,0.297009951087873
"292",2010,"LAN","Los Angeles Dodgers",5426,1368,270,29,120,667,92,0.2521,0.3216,0.7005,0.3789,0.312936746490504
"293",2010,"MIL","Milwaukee Brewers",5606,1471,293,33,182,750,81,0.2624,0.3347,0.7585,0.4238,0.336024409700064
"294",2010,"NYN","New York Mets",5465,1361,266,40,128,656,130,0.249,0.3145,0.6971,0.3826,0.31014744645799
"295",2010,"PHI","Philadelphia Phillies",5581,1451,290,34,166,772,108,0.26,0.332,0.7454,0.4134,0.33066992156235
"296",2010,"PIT","Pittsburgh Pirates",5386,1303,276,27,126,587,87,0.2419,0.3041,0.6775,0.3734,0.301936939983094
"297",2010,"SDN","San Diego Padres",5434,1338,236,24,132,665,124,0.2462,0.3174,0.6888,0.3714,0.308540540540541
"298",2010,"SFN","San Francisco Giants",5488,1411,284,30,162,697,55,0.2571,0.3211,0.7295,0.4083,0.323012858555885
"299",2010,"SLN","St. Louis Cardinals",5542,1456,285,18,150,736,79,0.2627,0.3316,0.7334,0.4018,0.326457152114045
"300",2010,"WAS","Washington Nationals",5418,1355,250,31,149,655,110,0.2501,0.3182,0.7084,0.3902,0.315274386197744
"301",2011,"BAL","Baltimore Orioles",5585,1434,273,13,191,708,81,0.2568,0.316,0.7289,0.4129,0.321143020221787
"302",2011,"BOS","Boston Red Sox",5710,1600,352,35,203,875,102,0.2802,0.3488,0.8095,0.4608,0.35429164057608
"303",2011,"CHA","Chicago White Sox",5502,1387,252,16,154,654,81,0.2521,0.3187,0.7063,0.3877,0.313827411167513
"304",2011,"CLE","Cleveland Indians",5509,1380,290,26,154,704,89,0.2505,0.3173,0.7137,0.3964,0.316045819014891
"305",2011,"DET","Detroit Tigers",5563,1540,297,34,169,787,49,0.2768,0.3398,0.7733,0.4336,0.339748584371461
"306",2011,"KCA","Kansas City Royals",5672,1560,325,41,129,730,153,0.275,0.3287,0.7437,0.415,0.327022061191626
"307",2011,"LAA","Los Angeles Angels of Anaheim",5513,1394,289,34,155,667,135,0.2529,0.3125,0.7145,0.402,0.315360715468698
"308",2011,"MIN","Minnesota Twins",5487,1357,259,25,103,619,92,0.2473,0.3062,0.6662,0.3599,0.297142260811488
"309",2011,"NYA","New York Yankees",5518,1452,267,33,222,867,147,0.2631,0.3434,0.7876,0.4442,0.346396650717703
"310",2011,"OAK","Oakland Athletics",5452,1330,280,29,114,645,117,0.2439,0.3113,0.68,0.3687,0.302719017798286
"311",2011,"SEA","Seattle Mariners",5421,1263,253,22,109,556,125,0.233,0.2924,0.6405,0.3481,0.285673744523087
"312",2011,"TBA","Tampa Bay Rays",5436,1324,273,37,172,707,155,0.2436,0.3218,0.7241,0.4023,0.321138348323794
"313",2011,"TEX","Texas Rangers",5659,1599,310,32,210,855,143,0.2826,0.3396,0.7996,0.46,0.349261652201864
"314",2011,"TOR","Toronto Blue Jays",5559,1384,285,34,186,743,131,0.249,0.3167,0.7296,0.4128,0.321448130765496
"315",2011,"ARI","Arizona Diamondbacks",5421,1357,293,37,172,731,133,0.2503,0.3224,0.7356,0.4132,0.32488570956004
"316",2011,"ATL","Atlanta Braves",5528,1345,244,16,173,641,77,0.2433,0.3082,0.6953,0.3871,0.308426600985222
"317",2011,"CHN","Chicago Cubs",5549,1423,285,36,148,654,69,0.2564,0.3143,0.7151,0.4008,0.315675346077785
"318",2011,"CIN","Cincinnati Reds",5612,1438,264,19,183,735,97,0.2562,0.3258,0.7336,0.4079,0.3247576
"319",2011,"COL","Colorado Rockies",5544,1429,274,40,163,735,118,0.2578,0.3292,0.739,0.4098,0.326817741935484
"320",2011,"FLO","Florida Marlins",5508,1358,274,30,149,625,95,0.2466,0.3176,0.7059,0.3883,0.313486570079766
"321",2011,"HOU","Houston Astros",5598,1442,309,28,95,615,118,0.2576,0.3106,0.6843,0.3737,0.303567576455113
"322",2011,"LAN","Los Angeles Dodgers",5436,1395,237,28,117,644,126,0.2566,0.3218,0.6969,0.3751,0.310530056459648
"323",2011,"MIL","Milwaukee Brewers",5447,1422,276,31,185,721,94,0.2611,0.325,0.75,0.425,0.32988404114134
"324",2011,"NYN","New York Mets",5600,1477,309,39,108,718,130,0.2638,0.3348,0.7255,0.3907,0.322573684210526
"325",2011,"PHI","Philadelphia Phillies",5579,1409,258,38,153,713,96,0.2526,0.3226,0.7173,0.3947,0.318280424983902
"326",2011,"PIT","Pittsburgh Pirates",5421,1325,277,35,107,610,108,0.2444,0.3086,0.6763,0.3676,0.30089629258517
"327",2011,"SDN","San Diego Padres",5417,1284,247,42,91,593,170,0.237,0.3048,0.6534,0.3485,0.292413104939298
"328",2011,"SFN","San Francisco Giants",5486,1327,282,24,121,570,85,0.2419,0.303,0.6712,0.3682,0.298370210648532
"329",2011,"SLN","St. Louis Cardinals",5532,1513,308,22,162,762,57,0.2735,0.3409,0.7658,0.425,0.337985709645989
"330",2011,"WAS","Washington Nationals",5441,1319,257,22,154,624,106,0.2424,0.3086,0.6912,0.3827,0.307088215712383
"331",2012,"BAL","Baltimore Orioles",5560,1375,270,16,214,712,58,0.2473,0.3113,0.7284,0.4171,0.318066993464052
"332",2012,"BOS","Boston Red Sox",5604,1459,339,16,165,734,97,0.2603,0.3151,0.73,0.4149,0.317921559034573
"333",2012,"CHA","Chicago White Sox",5518,1409,228,29,211,748,109,0.2553,0.3183,0.7401,0.4219,0.323084868421053
"334",2012,"CLE","Cleveland Indians",5525,1385,266,24,136,667,110,0.2507,0.3236,0.7049,0.3814,0.311806571706054
"335",2012,"DET","Detroit Tigers",5476,1467,279,39,163,726,59,0.2679,0.3345,0.7569,0.4224,0.331113430872924
"336",2012,"KCA","Kansas City Royals",5636,1492,295,37,131,676,132,0.2647,0.3165,0.7164,0.3999,0.313323207577985
"337",2012,"LAA","Los Angeles Angels of Anaheim",5536,1518,273,22,187,767,134,0.2742,0.3316,0.7644,0.4328,0.333125308743619
"338",2012,"MIN","Minnesota Twins",5562,1448,270,30,131,701,135,0.2603,0.3248,0.7151,0.3903,0.314609294041451
"339",2012,"NYA","New York Yankees",5524,1462,280,13,245,804,93,0.2647,0.3369,0.79,0.4531,0.343366774193548
"340",2012,"OAK","Oakland Athletics",5527,1315,267,32,195,713,122,0.2379,0.3103,0.7139,0.4037,0.312899447693307
"341",2012,"SEA","Seattle Mariners",5494,1285,241,27,149,619,104,0.2339,0.2956,0.6645,0.3689,0.292708381742739
"342",2012,"TBA","Tampa Bay Rays",5398,1293,250,30,175,697,134,0.2395,0.3167,0.7109,0.3942,0.31297067062119
"343",2012,"TEX","Texas Rangers",5590,1526,303,32,200,808,91,0.273,0.3336,0.7796,0.446,0.338449821948851
"344",2012,"TOR","Toronto Blue Jays",5487,1346,247,22,198,716,123,0.2453,0.3092,0.7158,0.4066,0.3129699669967
"345",2012,"ARI","Arizona Diamondbacks",5462,1416,307,33,165,734,93,0.2592,0.3279,0.7461,0.4182,0.326172663052407
"346",2012,"ATL","Atlanta Braves",5425,1341,263,30,149,700,101,0.2472,0.3198,0.709,0.3891,0.312266798418972
"347",2012,"CHN","Chicago Cubs",5411,1297,265,36,137,613,94,0.2397,0.3016,0.6795,0.3779,0.299017383966245
"348",2012,"CIN","Cincinnati Reds",5477,1377,296,30,172,669,87,0.2514,0.3153,0.7259,0.4106,0.317308672624959
"349",2012,"COL","Colorado Rockies",5577,1526,306,52,166,758,100,0.2736,0.3297,0.7662,0.4364,0.332975417895772
"350",2012,"HOU","Houston Astros",5407,1276,238,28,146,583,105,0.236,0.3016,0.673,0.3714,0.297049848942598
"351",2012,"LAN","Los Angeles Dodgers",5438,1369,269,23,116,637,104,0.2517,0.3165,0.6902,0.3737,0.305032284905974
"352",2012,"MIA","Miami Marlins",5437,1327,261,39,137,609,149,0.2441,0.3079,0.6899,0.382,0.303306204136091
"353",2012,"MIL","Milwaukee Brewers",5557,1442,300,39,202,776,158,0.2595,0.325,0.7616,0.4366,0.33155709173715
"354",2012,"NYN","New York Mets",5450,1357,286,21,139,650,79,0.249,0.3157,0.7014,0.3857,0.309085145228216
"355",2012,"PHI","Philadelphia Phillies",5544,1414,271,28,158,684,116,0.2551,0.3166,0.7161,0.3995,0.314033278688525
"356",2012,"PIT","Pittsburgh Pirates",5412,1313,241,37,170,651,73,0.2426,0.3038,0.6988,0.395,0.305783602150538
"357",2012,"SDN","San Diego Padres",5422,1339,272,43,121,651,155,0.247,0.3194,0.6993,0.3799,0.308994875185981
"358",2012,"SFN","San Francisco Giants",5558,1495,287,57,103,718,118,0.269,0.3274,0.7241,0.3967,0.317184309248083
"359",2012,"SLN","St. Louis Cardinals",5622,1526,290,37,159,765,91,0.2714,0.3375,0.7586,0.421,0.331887805657663
"360",2012,"WAS","Washington Nationals",5615,1468,301,25,194,731,105,0.2614,0.3222,0.7498,0.4276,0.326698590179874
"361",2013,"BAL","Baltimore Orioles",5620,1460,298,14,212,745,79,0.2598,0.3126,0.7435,0.431,0.325485368644761
"362",2013,"BOS","Boston Red Sox",5651,1566,363,29,178,853,123,0.2771,0.3492,0.7953,0.4461,0.349313345923827
"363",2013,"CHA","Chicago White Sox",5498,1307,297,18,172,602,63,0.2377,0.3005,0.6926,0.3921,0.306163573085847
"364",2013,"CLE","Cleveland Indians",5465,1391,290,23,171,745,117,0.2545,0.3267,0.7366,0.4099,0.32524404955983
"365",2013,"DET","Detroit Tigers",5735,1625,292,23,176,796,35,0.2833,0.346,0.7803,0.4344,0.343376966645689
"366",2013,"HOU","Houston Astros",5457,1307,266,16,148,610,110,0.2395,0.2988,0.6743,0.3755,0.298869914615771
"367",2013,"KCA","Kansas City Royals",5549,1443,254,34,112,648,153,0.26,0.3149,0.6936,0.3786,0.307312634186623
"368",2013,"LAA","Los Angeles Angels of Anaheim",5588,1476,270,39,164,733,82,0.2641,0.3289,0.7434,0.4145,0.32732572714125
"369",2013,"MIN","Minnesota Twins",5564,1346,285,15,151,614,52,0.2419,0.3124,0.6924,0.3799,0.308008412878175
"370",2013,"NYA","New York Yankees",5449,1321,247,24,144,650,115,0.2424,0.3069,0.6828,0.3758,0.303343375499334
"371",2013,"OAK","Oakland Athletics",5521,1403,301,25,186,767,74,0.2541,0.3266,0.7454,0.4188,0.328510827407886
"372",2013,"SEA","Seattle Mariners",5558,1318,249,17,188,624,49,0.2371,0.3056,0.6951,0.3895,0.308096810933941
"373",2013,"TBA","Tampa Bay Rays",5538,1421,296,23,165,700,73,0.2566,0.329,0.7368,0.4077,0.325588131231907
"374",2013,"TEX","Texas Rangers",5585,1465,262,23,176,730,149,0.2623,0.3233,0.7352,0.412,0.324279674796748
"375",2013,"TOR","Toronto Blue Jays",5537,1398,273,24,185,712,112,0.2525,0.3178,0.7285,0.4107,0.321279764821166
"376",2013,"ARI","Arizona Diamondbacks",5676,1468,302,31,130,685,62,0.2586,0.3232,0.7147,0.3915,0.316615825505493
"377",2013,"ATL","Atlanta Braves",5441,1354,247,21,181,688,64,0.2489,0.3213,0.723,0.4018,0.320349744771941
"378",2013,"CHN","Chicago Cubs",5563,1385,237,19,148,598,105,0.249,0.3022,0.6804,0.3782,0.300882595772787
"379",2013,"CIN","Cincinnati Reds",5499,1370,274,20,155,698,67,0.2491,0.3273,0.7181,0.3908,0.319464872703835
"380",2013,"COL","Colorado Rockies",5599,1511,283,36,159,706,112,0.2699,0.3227,0.7411,0.4185,0.325716116313455
"381",2013,"LAN","Los Angeles Dodgers",5491,1447,281,17,138,649,78,0.2635,0.3261,0.7224,0.3963,0.319816040843215
"382",2013,"MIA","Miami Marlins",5449,1257,219,31,95,513,78,0.2307,0.2926,0.6272,0.3346,0.281134999161496
"383",2013,"MIL","Milwaukee Brewers",5474,1381,238,43,157,640,142,0.2523,0.3105,0.708,0.3975,0.312563721396359
"384",2013,"NYN","New York Mets",5559,1318,263,32,130,619,114,0.2371,0.3057,0.6717,0.3661,0.299350178745531
"385",2013,"PHI","Philadelphia Phillies",5456,1355,255,32,140,610,73,0.2484,0.3064,0.6902,0.3838,0.305525768004029
"386",2013,"PIT","Pittsburgh Pirates",5486,1345,273,35,161,634,94,0.2452,0.3132,0.709,0.3957,0.314037878787879
"387",2013,"SDN","San Diego Padres",5517,1349,246,26,146,618,118,0.2445,0.3077,0.6857,0.3779,0.304436573311367
"388",2013,"SFN","San Francisco Giants",5552,1446,280,35,107,629,67,0.2604,0.3202,0.7015,0.3813,0.311099147820387
"389",2013,"SLN","St. Louis Cardinals",5557,1494,322,20,125,783,45,0.2689,0.3318,0.7332,0.4015,0.324484380084608
"390",2013,"WAS","Washington Nationals",5436,1365,259,27,161,656,88,0.2511,0.3126,0.7101,0.3975,0.313648770697441
